{"packages/cupertino_icons/assets/CupertinoIcons.ttf":["packages/cupertino_icons/assets/CupertinoIcons.ttf"],"assets/images/kalachaar.png":["assets/images/kalachaar.png"],"assets/images/undraw_booking_33fn.svg":["assets/images/undraw_booking_33fn.svg"],"assets/images/undraw_celebration_0jvk.png":["assets/images/undraw_celebration_0jvk.png"],"assets/images/undraw_chore_list_iof3.png":["assets/images/undraw_chore_list_iof3.png"],"assets/images/undraw_workout_gcgu.svg":["assets/images/undraw_workout_gcgu.svg"]}